<SUF70UninstallData>
<DataFilePath>D:\Program Files\osu! old\osu! 2009\Uninstall\uninstall.dat</DataFilePath>
<CPRegKey>SOFTWARE\Microsoft\Windows\CurrentVersion\Uninstall\osu!</CPRegKey>
<EXELocation>C:\WINDOWS\osu!\uninstall.exe</EXELocation>
<AppShortcutFolderPath>C:\Users\khyes\AppData\Roaming\Microsoft\Windows\Start Menu\Programs\osu!</AppShortcutFolderPath>
<UninstallReverseOrder>1</UninstallReverseOrder>
<UninstallFiles>
<File>
<Filename>D:\Program Files\osu! old\osu! 2009\bass.dll</Filename>
<DecrementUsageCount>0</DecrementUsageCount>
<UnregisterCOM>0</UnregisterCOM>
<UnregisterFont>0</UnregisterFont>
<FontDesc/>
<BackupFile/>
</File>
<File>
<Filename>D:\Program Files\osu! old\osu! 2009\bass_fx.dll</Filename>
<DecrementUsageCount>0</DecrementUsageCount>
<UnregisterCOM>0</UnregisterCOM>
<UnregisterFont>0</UnregisterFont>
<FontDesc/>
<BackupFile/>
</File>
<File>
<Filename>D:\Program Files\osu! old\osu! 2009\d3dx9_31.dll</Filename>
<DecrementUsageCount>0</DecrementUsageCount>
<UnregisterCOM>0</UnregisterCOM>
<UnregisterFont>0</UnregisterFont>
<FontDesc/>
<BackupFile/>
</File>
<File>
<Filename>D:\Program Files\osu! old\osu! 2009\Microsoft.Ink.dll</Filename>
<DecrementUsageCount>0</DecrementUsageCount>
<UnregisterCOM>0</UnregisterCOM>
<UnregisterFont>0</UnregisterFont>
<FontDesc/>
<BackupFile/>
</File>
<File>
<Filename>D:\Program Files\osu! old\osu! 2009\Microsoft.Xna.Framework.dll</Filename>
<DecrementUsageCount>0</DecrementUsageCount>
<UnregisterCOM>0</UnregisterCOM>
<UnregisterFont>0</UnregisterFont>
<FontDesc/>
<BackupFile/>
</File>
<File>
<Filename>D:\Program Files\osu! old\osu! 2009\osu!.exe</Filename>
<DecrementUsageCount>0</DecrementUsageCount>
<UnregisterCOM>0</UnregisterCOM>
<UnregisterFont>0</UnregisterFont>
<FontDesc/>
<BackupFile/>
</File>
<File>
<Filename>D:\Program Files\osu! old\osu! 2009\osu.dll</Filename>
<DecrementUsageCount>0</DecrementUsageCount>
<UnregisterCOM>0</UnregisterCOM>
<UnregisterFont>0</UnregisterFont>
<FontDesc/>
<BackupFile/>
</File>
<File>
<Filename>D:\Program Files\osu! old\osu! 2009\osume.exe</Filename>
<DecrementUsageCount>0</DecrementUsageCount>
<UnregisterCOM>0</UnregisterCOM>
<UnregisterFont>0</UnregisterFont>
<FontDesc/>
<BackupFile/>
</File>
<File>
<Filename>D:\Program Files\osu! old\osu! 2009\x3daudio1_1.dll</Filename>
<DecrementUsageCount>0</DecrementUsageCount>
<UnregisterCOM>0</UnregisterCOM>
<UnregisterFont>0</UnregisterFont>
<FontDesc/>
<BackupFile/>
</File>
<File>
<Filename>D:\Program Files\osu! old\osu! 2009\Songs\tutorial\dake\awpgood.mp3</Filename>
<DecrementUsageCount>0</DecrementUsageCount>
<UnregisterCOM>0</UnregisterCOM>
<UnregisterFont>0</UnregisterFont>
<FontDesc/>
<BackupFile/>
</File>
<File>
<Filename>D:\Program Files\osu! old\osu! 2009\Songs\tutorial\dake\Bad Result.mp3</Filename>
<DecrementUsageCount>0</DecrementUsageCount>
<UnregisterCOM>0</UnregisterCOM>
<UnregisterFont>0</UnregisterFont>
<FontDesc/>
<BackupFile/>
</File>
<File>
<Filename>D:\Program Files\osu! old\osu! 2009\Songs\tutorial\dake\Bad Result2.mp3</Filename>
<DecrementUsageCount>0</DecrementUsageCount>
<UnregisterCOM>0</UnregisterCOM>
<UnregisterFont>0</UnregisterFont>
<FontDesc/>
<BackupFile/>
</File>
<File>
<Filename>D:\Program Files\osu! old\osu! 2009\Songs\tutorial\dake\Good Result.mp3</Filename>
<DecrementUsageCount>0</DecrementUsageCount>
<UnregisterCOM>0</UnregisterCOM>
<UnregisterFont>0</UnregisterFont>
<FontDesc/>
<BackupFile/>
</File>
<File>
<Filename>D:\Program Files\osu! old\osu! 2009\Songs\tutorial\dake\new - mail.m4a</Filename>
<DecrementUsageCount>0</DecrementUsageCount>
<UnregisterCOM>0</UnregisterCOM>
<UnregisterFont>0</UnregisterFont>
<FontDesc/>
<BackupFile/>
</File>
<File>
<Filename>D:\Program Files\osu! old\osu! 2009\Songs\tutorial\dake\Part 1 - Hit Circle.mp3</Filename>
<DecrementUsageCount>0</DecrementUsageCount>
<UnregisterCOM>0</UnregisterCOM>
<UnregisterFont>0</UnregisterFont>
<FontDesc/>
<BackupFile/>
</File>
<File>
<Filename>D:\Program Files\osu! old\osu! 2009\Songs\tutorial\dake\Part 10 - Reverse Arrow.mp3</Filename>
<DecrementUsageCount>0</DecrementUsageCount>
<UnregisterCOM>0</UnregisterCOM>
<UnregisterFont>0</UnregisterFont>
<FontDesc/>
<BackupFile/>
</File>
<File>
<Filename>D:\Program Files\osu! old\osu! 2009\Songs\tutorial\dake\Part 11 - Reverse Arrow 2.mp3</Filename>
<DecrementUsageCount>0</DecrementUsageCount>
<UnregisterCOM>0</UnregisterCOM>
<UnregisterFont>0</UnregisterFont>
<FontDesc/>
<BackupFile/>
</File>
<File>
<Filename>D:\Program Files\osu! old\osu! 2009\Songs\tutorial\dake\Part 12 - Reverse Arrow 3.mp3</Filename>
<DecrementUsageCount>0</DecrementUsageCount>
<UnregisterCOM>0</UnregisterCOM>
<UnregisterFont>0</UnregisterFont>
<FontDesc/>
<BackupFile/>
</File>
<File>
<Filename>D:\Program Files\osu! old\osu! 2009\Songs\tutorial\dake\Part 13 - Hit The Sliders.mp3</Filename>
<DecrementUsageCount>0</DecrementUsageCount>
<UnregisterCOM>0</UnregisterCOM>
<UnregisterFont>0</UnregisterFont>
<FontDesc/>
<BackupFile/>
</File>
<File>
<Filename>D:\Program Files\osu! old\osu! 2009\Songs\tutorial\dake\Part 14 - Spinner.mp3</Filename>
<DecrementUsageCount>0</DecrementUsageCount>
<UnregisterCOM>0</UnregisterCOM>
<UnregisterFont>0</UnregisterFont>
<FontDesc/>
<BackupFile/>
</File>
<File>
<Filename>D:\Program Files\osu! old\osu! 2009\Songs\tutorial\dake\Part 15 - Spinner 2.mp3</Filename>
<DecrementUsageCount>0</DecrementUsageCount>
<UnregisterCOM>0</UnregisterCOM>
<UnregisterFont>0</UnregisterFont>
<FontDesc/>
<BackupFile/>
</File>
<File>
<Filename>D:\Program Files\osu! old\osu! 2009\Songs\tutorial\dake\Part 16 - Drag in Circles.mp3</Filename>
<DecrementUsageCount>0</DecrementUsageCount>
<UnregisterCOM>0</UnregisterCOM>
<UnregisterFont>0</UnregisterFont>
<FontDesc/>
<BackupFile/>
</File>
<File>
<Filename>D:\Program Files\osu! old\osu! 2009\Songs\tutorial\dake\Part 17 - Next one.mp3</Filename>
<DecrementUsageCount>0</DecrementUsageCount>
<UnregisterCOM>0</UnregisterCOM>
<UnregisterFont>0</UnregisterFont>
<FontDesc/>
<BackupFile/>
</File>
<File>
<Filename>D:\Program Files\osu! old\osu! 2009\Songs\tutorial\dake\Part 18 - Thats It.mp3</Filename>
<DecrementUsageCount>0</DecrementUsageCount>
<UnregisterCOM>0</UnregisterCOM>
<UnregisterFont>0</UnregisterFont>
<FontDesc/>
<BackupFile/>
</File>
<File>
<Filename>D:\Program Files\osu! old\osu! 2009\Songs\tutorial\dake\Part 2 - Approach Circle.mp3</Filename>
<DecrementUsageCount>0</DecrementUsageCount>
<UnregisterCOM>0</UnregisterCOM>
<UnregisterFont>0</UnregisterFont>
<FontDesc/>
<BackupFile/>
</File>
<File>
<Filename>D:\Program Files\osu! old\osu! 2009\Songs\tutorial\dake\Part 3 - Approach Circle 2.mp3</Filename>
<DecrementUsageCount>0</DecrementUsageCount>
<UnregisterCOM>0</UnregisterCOM>
<UnregisterFont>0</UnregisterFont>
<FontDesc/>
<BackupFile/>
</File>
<File>
<Filename>D:\Program Files\osu! old\osu! 2009\Songs\tutorial\dake\Part 4 - Click.mp3</Filename>
<DecrementUsageCount>0</DecrementUsageCount>
<UnregisterCOM>0</UnregisterCOM>
<UnregisterFont>0</UnregisterFont>
<FontDesc/>
<BackupFile/>
</File>
<File>
<Filename>D:\Program Files\osu! old\osu! 2009\Songs\tutorial\dake\Part 5 - Rhythm.mp3</Filename>
<DecrementUsageCount>0</DecrementUsageCount>
<UnregisterCOM>0</UnregisterCOM>
<UnregisterFont>0</UnregisterFont>
<FontDesc/>
<BackupFile/>
</File>
<File>
<Filename>D:\Program Files\osu! old\osu! 2009\Songs\tutorial\dake\Part 6 - Your Turn.mp3</Filename>
<DecrementUsageCount>0</DecrementUsageCount>
<UnregisterCOM>0</UnregisterCOM>
<UnregisterFont>0</UnregisterFont>
<FontDesc/>
<BackupFile/>
</File>
<File>
<Filename>D:\Program Files\osu! old\osu! 2009\Songs\tutorial\dake\Part 7 - Slider.mp3</Filename>
<DecrementUsageCount>0</DecrementUsageCount>
<UnregisterCOM>0</UnregisterCOM>
<UnregisterFont>0</UnregisterFont>
<FontDesc/>
<BackupFile/>
</File>
<File>
<Filename>D:\Program Files\osu! old\osu! 2009\Songs\tutorial\dake\Part 8 - Click And Hold.mp3</Filename>
<DecrementUsageCount>0</DecrementUsageCount>
<UnregisterCOM>0</UnregisterCOM>
<UnregisterFont>0</UnregisterFont>
<FontDesc/>
<BackupFile/>
</File>
<File>
<Filename>D:\Program Files\osu! old\osu! 2009\Songs\tutorial\dake\Part 9 - Follow.mp3</Filename>
<DecrementUsageCount>0</DecrementUsageCount>
<UnregisterCOM>0</UnregisterCOM>
<UnregisterFont>0</UnregisterFont>
<FontDesc/>
<BackupFile/>
</File>
<File>
<Filename>D:\Program Files\osu! old\osu! 2009\Songs\tutorial\approachcircle1.png</Filename>
<DecrementUsageCount>0</DecrementUsageCount>
<UnregisterCOM>0</UnregisterCOM>
<UnregisterFont>0</UnregisterFont>
<FontDesc/>
<BackupFile/>
</File>
<File>
<Filename>D:\Program Files\osu! old\osu! 2009\Songs\tutorial\approachcircle2.png</Filename>
<DecrementUsageCount>0</DecrementUsageCount>
<UnregisterCOM>0</UnregisterCOM>
<UnregisterFont>0</UnregisterFont>
<FontDesc/>
<BackupFile/>
</File>
<File>
<Filename>D:\Program Files\osu! old\osu! 2009\Songs\tutorial\bg.jpg</Filename>
<DecrementUsageCount>0</DecrementUsageCount>
<UnregisterCOM>0</UnregisterCOM>
<UnregisterFont>0</UnregisterFont>
<FontDesc/>
<BackupFile/>
</File>
<File>
<Filename>D:\Program Files\osu! old\osu! 2009\Songs\tutorial\hand2.png</Filename>
<DecrementUsageCount>0</DecrementUsageCount>
<UnregisterCOM>0</UnregisterCOM>
<UnregisterFont>0</UnregisterFont>
<FontDesc/>
<BackupFile/>
</File>
<File>
<Filename>D:\Program Files\osu! old\osu! 2009\Songs\tutorial\hitcircle1.png</Filename>
<DecrementUsageCount>0</DecrementUsageCount>
<UnregisterCOM>0</UnregisterCOM>
<UnregisterFont>0</UnregisterFont>
<FontDesc/>
<BackupFile/>
</File>
<File>
<Filename>D:\Program Files\osu! old\osu! 2009\Songs\tutorial\hitcircle2.png</Filename>
<DecrementUsageCount>0</DecrementUsageCount>
<UnregisterCOM>0</UnregisterCOM>
<UnregisterFont>0</UnregisterFont>
<FontDesc/>
<BackupFile/>
</File>
<File>
<Filename>D:\Program Files\osu! old\osu! 2009\Songs\tutorial\howto.png</Filename>
<DecrementUsageCount>0</DecrementUsageCount>
<UnregisterCOM>0</UnregisterCOM>
<UnregisterFont>0</UnregisterFont>
<FontDesc/>
<BackupFile/>
</File>
<File>
<Filename>D:\Program Files\osu! old\osu! 2009\Songs\tutorial\mouse.png</Filename>
<DecrementUsageCount>0</DecrementUsageCount>
<UnregisterCOM>0</UnregisterCOM>
<UnregisterFont>0</UnregisterFont>
<FontDesc/>
<BackupFile/>
</File>
<File>
<Filename>D:\Program Files\osu! old\osu! 2009\Songs\tutorial\normal-hitnormal.mp3</Filename>
<DecrementUsageCount>0</DecrementUsageCount>
<UnregisterCOM>0</UnregisterCOM>
<UnregisterFont>0</UnregisterFont>
<FontDesc/>
<BackupFile/>
</File>
<File>
<Filename>D:\Program Files\osu! old\osu! 2009\Songs\tutorial\normal-hitwhistle.mp3</Filename>
<DecrementUsageCount>0</DecrementUsageCount>
<UnregisterCOM>0</UnregisterCOM>
<UnregisterFont>0</UnregisterFont>
<FontDesc/>
<BackupFile/>
</File>
<File>
<Filename>D:\Program Files\osu! old\osu! 2009\Songs\tutorial\normal-slidertick.mp3</Filename>
<DecrementUsageCount>0</DecrementUsageCount>
<UnregisterCOM>0</UnregisterCOM>
<UnregisterFont>0</UnregisterFont>
<FontDesc/>
<BackupFile/>
</File>
<File>
<Filename>D:\Program Files\osu! old\osu! 2009\Songs\tutorial\osulogo.png</Filename>
<DecrementUsageCount>0</DecrementUsageCount>
<UnregisterCOM>0</UnregisterCOM>
<UnregisterFont>0</UnregisterFont>
<FontDesc/>
<BackupFile/>
</File>
<File>
<Filename>D:\Program Files\osu! old\osu! 2009\Songs\tutorial\Peter Lambert - osu! tutorial (peppy) [Gameplay basics].osu</Filename>
<DecrementUsageCount>0</DecrementUsageCount>
<UnregisterCOM>0</UnregisterCOM>
<UnregisterFont>0</UnregisterFont>
<FontDesc/>
<BackupFile/>
</File>
<File>
<Filename>D:\Program Files\osu! old\osu! 2009\Songs\tutorial\result-bad.png</Filename>
<DecrementUsageCount>0</DecrementUsageCount>
<UnregisterCOM>0</UnregisterCOM>
<UnregisterFont>0</UnregisterFont>
<FontDesc/>
<BackupFile/>
</File>
<File>
<Filename>D:\Program Files\osu! old\osu! 2009\Songs\tutorial\result-good.png</Filename>
<DecrementUsageCount>0</DecrementUsageCount>
<UnregisterCOM>0</UnregisterCOM>
<UnregisterFont>0</UnregisterFont>
<FontDesc/>
<BackupFile/>
</File>
<File>
<Filename>D:\Program Files\osu! old\osu! 2009\Songs\tutorial\section-fail.png</Filename>
<DecrementUsageCount>0</DecrementUsageCount>
<UnregisterCOM>0</UnregisterCOM>
<UnregisterFont>0</UnregisterFont>
<FontDesc/>
<BackupFile/>
</File>
<File>
<Filename>D:\Program Files\osu! old\osu! 2009\Songs\tutorial\section-pass.png</Filename>
<DecrementUsageCount>0</DecrementUsageCount>
<UnregisterCOM>0</UnregisterCOM>
<UnregisterFont>0</UnregisterFont>
<FontDesc/>
<BackupFile/>
</File>
<File>
<Filename>D:\Program Files\osu! old\osu! 2009\Songs\tutorial\sectionfail.mp3</Filename>
<DecrementUsageCount>0</DecrementUsageCount>
<UnregisterCOM>0</UnregisterCOM>
<UnregisterFont>0</UnregisterFont>
<FontDesc/>
<BackupFile/>
</File>
<File>
<Filename>D:\Program Files\osu! old\osu! 2009\Songs\tutorial\sectionpass.mp3</Filename>
<DecrementUsageCount>0</DecrementUsageCount>
<UnregisterCOM>0</UnregisterCOM>
<UnregisterFont>0</UnregisterFont>
<FontDesc/>
<BackupFile/>
</File>
<File>
<Filename>D:\Program Files\osu! old\osu! 2009\Songs\tutorial\slider.png</Filename>
<DecrementUsageCount>0</DecrementUsageCount>
<UnregisterCOM>0</UnregisterCOM>
<UnregisterFont>0</UnregisterFont>
<FontDesc/>
<BackupFile/>
</File>
<File>
<Filename>D:\Program Files\osu! old\osu! 2009\Songs\tutorial\sliderb-0.png</Filename>
<DecrementUsageCount>0</DecrementUsageCount>
<UnregisterCOM>0</UnregisterCOM>
<UnregisterFont>0</UnregisterFont>
<FontDesc/>
<BackupFile/>
</File>
<File>
<Filename>D:\Program Files\osu! old\osu! 2009\Songs\tutorial\sliderb-1.png</Filename>
<DecrementUsageCount>0</DecrementUsageCount>
<UnregisterCOM>0</UnregisterCOM>
<UnregisterFont>0</UnregisterFont>
<FontDesc/>
<BackupFile/>
</File>
<File>
<Filename>D:\Program Files\osu! old\osu! 2009\Songs\tutorial\sliderb-2.png</Filename>
<DecrementUsageCount>0</DecrementUsageCount>
<UnregisterCOM>0</UnregisterCOM>
<UnregisterFont>0</UnregisterFont>
<FontDesc/>
<BackupFile/>
</File>
<File>
<Filename>D:\Program Files\osu! old\osu! 2009\Songs\tutorial\sliderb-3.png</Filename>
<DecrementUsageCount>0</DecrementUsageCount>
<UnregisterCOM>0</UnregisterCOM>
<UnregisterFont>0</UnregisterFont>
<FontDesc/>
<BackupFile/>
</File>
<File>
<Filename>D:\Program Files\osu! old\osu! 2009\Songs\tutorial\sliderb-4.png</Filename>
<DecrementUsageCount>0</DecrementUsageCount>
<UnregisterCOM>0</UnregisterCOM>
<UnregisterFont>0</UnregisterFont>
<FontDesc/>
<BackupFile/>
</File>
<File>
<Filename>D:\Program Files\osu! old\osu! 2009\Songs\tutorial\spinbad.png</Filename>
<DecrementUsageCount>0</DecrementUsageCount>
<UnregisterCOM>0</UnregisterCOM>
<UnregisterFont>0</UnregisterFont>
<FontDesc/>
<BackupFile/>
</File>
<File>
<Filename>D:\Program Files\osu! old\osu! 2009\Songs\tutorial\spingood.png</Filename>
<DecrementUsageCount>0</DecrementUsageCount>
<UnregisterCOM>0</UnregisterCOM>
<UnregisterFont>0</UnregisterFont>
<FontDesc/>
<BackupFile/>
</File>
<File>
<Filename>D:\Program Files\osu! old\osu! 2009\Songs\tutorial\text1.png</Filename>
<DecrementUsageCount>0</DecrementUsageCount>
<UnregisterCOM>0</UnregisterCOM>
<UnregisterFont>0</UnregisterFont>
<FontDesc/>
<BackupFile/>
</File>
<File>
<Filename>D:\Program Files\osu! old\osu! 2009\Songs\tutorial\text10.png</Filename>
<DecrementUsageCount>0</DecrementUsageCount>
<UnregisterCOM>0</UnregisterCOM>
<UnregisterFont>0</UnregisterFont>
<FontDesc/>
<BackupFile/>
</File>
<File>
<Filename>D:\Program Files\osu! old\osu! 2009\Songs\tutorial\text11.png</Filename>
<DecrementUsageCount>0</DecrementUsageCount>
<UnregisterCOM>0</UnregisterCOM>
<UnregisterFont>0</UnregisterFont>
<FontDesc/>
<BackupFile/>
</File>
<File>
<Filename>D:\Program Files\osu! old\osu! 2009\Songs\tutorial\text12.png</Filename>
<DecrementUsageCount>0</DecrementUsageCount>
<UnregisterCOM>0</UnregisterCOM>
<UnregisterFont>0</UnregisterFont>
<FontDesc/>
<BackupFile/>
</File>
<File>
<Filename>D:\Program Files\osu! old\osu! 2009\Songs\tutorial\text13.png</Filename>
<DecrementUsageCount>0</DecrementUsageCount>
<UnregisterCOM>0</UnregisterCOM>
<UnregisterFont>0</UnregisterFont>
<FontDesc/>
<BackupFile/>
</File>
<File>
<Filename>D:\Program Files\osu! old\osu! 2009\Songs\tutorial\text14.png</Filename>
<DecrementUsageCount>0</DecrementUsageCount>
<UnregisterCOM>0</UnregisterCOM>
<UnregisterFont>0</UnregisterFont>
<FontDesc/>
<BackupFile/>
</File>
<File>
<Filename>D:\Program Files\osu! old\osu! 2009\Songs\tutorial\text15.png</Filename>
<DecrementUsageCount>0</DecrementUsageCount>
<UnregisterCOM>0</UnregisterCOM>
<UnregisterFont>0</UnregisterFont>
<FontDesc/>
<BackupFile/>
</File>
<File>
<Filename>D:\Program Files\osu! old\osu! 2009\Songs\tutorial\text16.png</Filename>
<DecrementUsageCount>0</DecrementUsageCount>
<UnregisterCOM>0</UnregisterCOM>
<UnregisterFont>0</UnregisterFont>
<FontDesc/>
<BackupFile/>
</File>
<File>
<Filename>D:\Program Files\osu! old\osu! 2009\Songs\tutorial\text17.png</Filename>
<DecrementUsageCount>0</DecrementUsageCount>
<UnregisterCOM>0</UnregisterCOM>
<UnregisterFont>0</UnregisterFont>
<FontDesc/>
<BackupFile/>
</File>
<File>
<Filename>D:\Program Files\osu! old\osu! 2009\Songs\tutorial\text18.png</Filename>
<DecrementUsageCount>0</DecrementUsageCount>
<UnregisterCOM>0</UnregisterCOM>
<UnregisterFont>0</UnregisterFont>
<FontDesc/>
<BackupFile/>
</File>
<File>
<Filename>D:\Program Files\osu! old\osu! 2009\Songs\tutorial\text19.png</Filename>
<DecrementUsageCount>0</DecrementUsageCount>
<UnregisterCOM>0</UnregisterCOM>
<UnregisterFont>0</UnregisterFont>
<FontDesc/>
<BackupFile/>
</File>
<File>
<Filename>D:\Program Files\osu! old\osu! 2009\Songs\tutorial\text2.png</Filename>
<DecrementUsageCount>0</DecrementUsageCount>
<UnregisterCOM>0</UnregisterCOM>
<UnregisterFont>0</UnregisterFont>
<FontDesc/>
<BackupFile/>
</File>
<File>
<Filename>D:\Program Files\osu! old\osu! 2009\Songs\tutorial\text3.png</Filename>
<DecrementUsageCount>0</DecrementUsageCount>
<UnregisterCOM>0</UnregisterCOM>
<UnregisterFont>0</UnregisterFont>
<FontDesc/>
<BackupFile/>
</File>
<File>
<Filename>D:\Program Files\osu! old\osu! 2009\Songs\tutorial\text4.png</Filename>
<DecrementUsageCount>0</DecrementUsageCount>
<UnregisterCOM>0</UnregisterCOM>
<UnregisterFont>0</UnregisterFont>
<FontDesc/>
<BackupFile/>
</File>
<File>
<Filename>D:\Program Files\osu! old\osu! 2009\Songs\tutorial\text5.png</Filename>
<DecrementUsageCount>0</DecrementUsageCount>
<UnregisterCOM>0</UnregisterCOM>
<UnregisterFont>0</UnregisterFont>
<FontDesc/>
<BackupFile/>
</File>
<File>
<Filename>D:\Program Files\osu! old\osu! 2009\Songs\tutorial\text6.png</Filename>
<DecrementUsageCount>0</DecrementUsageCount>
<UnregisterCOM>0</UnregisterCOM>
<UnregisterFont>0</UnregisterFont>
<FontDesc/>
<BackupFile/>
</File>
<File>
<Filename>D:\Program Files\osu! old\osu! 2009\Songs\tutorial\text7.png</Filename>
<DecrementUsageCount>0</DecrementUsageCount>
<UnregisterCOM>0</UnregisterCOM>
<UnregisterFont>0</UnregisterFont>
<FontDesc/>
<BackupFile/>
</File>
<File>
<Filename>D:\Program Files\osu! old\osu! 2009\Songs\tutorial\text8a.png</Filename>
<DecrementUsageCount>0</DecrementUsageCount>
<UnregisterCOM>0</UnregisterCOM>
<UnregisterFont>0</UnregisterFont>
<FontDesc/>
<BackupFile/>
</File>
<File>
<Filename>D:\Program Files\osu! old\osu! 2009\Songs\tutorial\text8b.png</Filename>
<DecrementUsageCount>0</DecrementUsageCount>
<UnregisterCOM>0</UnregisterCOM>
<UnregisterFont>0</UnregisterFont>
<FontDesc/>
<BackupFile/>
</File>
<File>
<Filename>D:\Program Files\osu! old\osu! 2009\Songs\tutorial\text9.png</Filename>
<DecrementUsageCount>0</DecrementUsageCount>
<UnregisterCOM>0</UnregisterCOM>
<UnregisterFont>0</UnregisterFont>
<FontDesc/>
<BackupFile/>
</File>
<File>
<Filename>D:\Program Files\osu! old\osu! 2009\Songs\tutorial\tutorial.ogg</Filename>
<DecrementUsageCount>0</DecrementUsageCount>
<UnregisterCOM>0</UnregisterCOM>
<UnregisterFont>0</UnregisterFont>
<FontDesc/>
<BackupFile/>
</File>
<File>
<Filename>D:\Program Files\osu! old\osu! 2009\Songs\tutorial\dake\awpbad.mp3</Filename>
<DecrementUsageCount>0</DecrementUsageCount>
<UnregisterCOM>0</UnregisterCOM>
<UnregisterFont>0</UnregisterFont>
<FontDesc/>
<BackupFile/>
</File>
</UninstallFiles>
<UninstallShortcuts>
<Filename>D:\Users\khyes\Desktop\osu!.lnk</Filename>
<Filename>C:\Users\khyes\AppData\Roaming\Microsoft\Windows\Start Menu\Programs\osu!\osu!.lnk</Filename>
<Filename>C:\Users\khyes\AppData\Roaming\Microsoft\Windows\Start Menu\Programs\osu!\osu! updater.lnk</Filename>
<Filename>C:\Users\khyes\AppData\Roaming\Microsoft\Windows\Start Menu\Programs\osu!\uninstall osu!.lnk</Filename>
</UninstallShortcuts>
<UninstallSupportFiles>
<Filename>D:\Program Files\osu! old\osu! 2009\Uninstall\IRIMG1.BMP</Filename>
<Filename>D:\Program Files\osu! old\osu! 2009\Uninstall\IRIMG2.BMP</Filename>
</UninstallSupportFiles>
<UninstallFolders>
<FolderPath>D:\Program Files\osu! old\osu! 2009\Uninstall</FolderPath>
<FolderPath>C:\WINDOWS\osu!</FolderPath>
<FolderPath>D:\Program Files\osu! old\osu! 2009\Songs</FolderPath>
<FolderPath>D:\Program Files\osu! old\osu! 2009\Songs\tutorial</FolderPath>
<FolderPath>D:\Program Files\osu! old\osu! 2009\Songs\tutorial\dake</FolderPath>
<FolderPath>C:\Users\khyes\AppData\Roaming\Microsoft\Windows\Start Menu\Programs\osu!</FolderPath>
</UninstallFolders>
<SessionVars>
<Var>
<Name>%ProductName%</Name>
<Value>osu!</Value>
</Var>
<Var>
<Name>%CompanyName%</Name>
<Value>peppy</Value>
</Var>
<Var>
<Name>%ProductVer%</Name>
<Value>b319</Value>
</Var>
<Var>
<Name>%Copyright%</Name>
<Value>Copyright � 2007 %CompanyName%</Value>
</Var>
<Var>
<Name>%CompanyURL%</Name>
<Value>http://osu.ppy.sh</Value>
</Var>
<Var>
<Name>%WindowTitle%</Name>
<Value>%ProductName% Setup</Value>
</Var>
<Var>
<Name>%AppFolder%</Name>
<Value>D:\Program Files\osu! old\osu! 2009</Value>
</Var>
<Var>
<Name>%AppShortcutFolderName%</Name>
<Value>%ProductName%</Value>
</Var>
<Var>
<Name>%ApplicationDataFolder%</Name>
<Value>C:\Users\khyes\AppData\Roaming</Value>
</Var>
<Var>
<Name>%ApplicationDataFolderCommon%</Name>
<Value>C:\ProgramData</Value>
</Var>
<Var>
<Name>%CommonFilesFolder%</Name>
<Value>C:\Program Files (x86)\Common Files</Value>
</Var>
<Var>
<Name>%DesktopFolder%</Name>
<Value>D:\Users\khyes\Desktop</Value>
</Var>
<Var>
<Name>%DesktopFolderCommon%</Name>
<Value>C:\Users\Public\Desktop</Value>
</Var>
<Var>
<Name>%FontsFolder%</Name>
<Value>C:\Windows\Fonts</Value>
</Var>
<Var>
<Name>%MyDocumentsFolder%</Name>
<Value>C:\Users\khyes\Documents</Value>
</Var>
<Var>
<Name>%ProgramFilesFolder%</Name>
<Value>C:\Program Files (x86)</Value>
</Var>
<Var>
<Name>%StartFolder%</Name>
<Value>C:\Users\khyes\AppData\Roaming\Microsoft\Windows\Start Menu</Value>
</Var>
<Var>
<Name>%StartFolderCommon%</Name>
<Value>C:\ProgramData\Microsoft\Windows\Start Menu</Value>
</Var>
<Var>
<Name>%StartProgramsFolder%</Name>
<Value>C:\Users\khyes\AppData\Roaming\Microsoft\Windows\Start Menu\Programs</Value>
</Var>
<Var>
<Name>%StartProgramsFolderCommon%</Name>
<Value>C:\ProgramData\Microsoft\Windows\Start Menu\Programs</Value>
</Var>
<Var>
<Name>%StartupFolder%</Name>
<Value>C:\Users\khyes\AppData\Roaming\Microsoft\Windows\Start Menu\Programs\Startup</Value>
</Var>
<Var>
<Name>%StartupFolderCommon%</Name>
<Value>C:\ProgramData\Microsoft\Windows\Start Menu\Programs\StartUp</Value>
</Var>
<Var>
<Name>%SystemFolder%</Name>
<Value>C:\WINDOWS\system32</Value>
</Var>
<Var>
<Name>%WindowsFolder%</Name>
<Value>C:\WINDOWS</Value>
</Var>
<Var>
<Name>%SystemDrive%</Name>
<Value>C:</Value>
</Var>
<Var>
<Name>%TempFolder%</Name>
<Value>C:\Users\khyes\AppData\Local\Temp</Value>
</Var>
<Var>
<Name>%TempLaunchFolder%</Name>
<Value>C:\Users\khyes\AppData\Local\Temp\_ir_sf7_temp_0</Value>
</Var>
<Var>
<Name>%RegOwner%</Name>
<Value></Value>
</Var>
<Var>
<Name>%RegOrganization%</Name>
<Value></Value>
</Var>
<Var>
<Name>%AppDrive%</Name>
<Value>D:</Value>
</Var>
<Var>
<Name>%DAOPath%</Name>
<Value>C:\Program Files (x86)\Common Files\Microsoft Shared\DAO</Value>
</Var>
<Var>
<Name>%SourceFilename%</Name>
<Value>D:\Users\khyes\Desktop\osu!setup.exe</Value>
</Var>
<Var>
<Name>%SourceFolder%</Name>
<Value>D:\Users\khyes\Desktop</Value>
</Var>
<Var>
<Name>%SourceDrive%</Name>
<Value>D:</Value>
</Var>
<Var>
<Name>%SpaceAvailable%</Name>
<Value>1,194.51 GB</Value>
</Var>
<Var>
<Name>%SpaceRequired%</Name>
<Value>104.4 MB</Value>
</Var>
</SessionVars>
</SUF70UninstallData>
